entity_id;entity_type;time_index;fiware_servicepath;__original_ngsi_entity__;i40assetname;i40physicalmodeltype;deadline;finishedtime;oee;oeeperfomrance;oeequality;orderstatus;planparts;prodparts;prodpartsio;productid;starttime;workstationid
urn:ngsiv2:I40Asset:ON000001;I40AssetOrder;1675848640354 (2023-02-08T09:30:40.354Z);/demo;NULL;ON000001;Order;1675987200000 (2023-02-10T00:00:00.000Z);;10000;10000;10000;Execute;100;1;1;urn:ngsiv2:I40Asset:Product00001;1675761600000 (2023-02-07T09:20:00.000Z);urn:ngsiv2:I40Asset:Workstation00001
urn:ngsiv2:I40Asset:ON000001;I40AssetOrder;1675848647458 (2023-02-08T09:30:47.458Z);/demo;NULL;ON000001;Order;1675987200000 (2023-02-10T00:00:00.000Z);;10000;10000;10000;Execute;100;2;2;urn:ngsiv2:I40Asset:Product00001;1675761600000 (2023-02-07T09:20:00.000Z);urn:ngsiv2:I40Asset:Workstation00001
urn:ngsiv2:I40Asset:ON000001;I40AssetOrder;1675848657581 (2023-02-08T09:30:57.581Z);/demo;NULL;ON000001;Order;1675987200000 (2023-02-10T00:00:00.000Z);;10000;10000;10000;Execute;100;3;3;urn:ngsiv2:I40Asset:Product00001;1675761600000 (2023-02-07T09:20:00.000Z);urn:ngsiv2:I40Asset:Workstation00001
urn:ngsiv2:I40Asset:ON000001;I40AssetOrder;1675848665790 (2023-02-08T09:31:05.790Z);/demo;NULL;ON000001;Order;1675987200000 (2023-02-10T00:00:00.000Z);;10000;10000;10000;Execute;100;4;4;urn:ngsiv2:I40Asset:Product00001;1675761600000 (2023-02-07T09:20:00.000Z);urn:ngsiv2:I40Asset:Workstation00001
urn:ngsiv2:I40Asset:ON000001;I40AssetOrder;1675848673060 (2023-02-08T09:31:13.060Z);/demo;NULL;ON000001;Order;1675987200000 (2023-02-10T00:00:00.000Z);;10000;10000;10000;Execute;100;5;5;urn:ngsiv2:I40Asset:Product00001;1675761600000 (2023-02-07T09:20:00.000Z);urn:ngsiv2:I40Asset:Workstation00001
urn:ngsiv2:I40Asset:ON000001;I40AssetOrder;1675848681247 (2023-02-08T09:31:21.247Z);/demo;NULL;ON000001;Order;1675987200000 (2023-02-10T00:00:00.000Z);;10000;10000;10000;Execute;100;6;6;urn:ngsiv2:I40Asset:Product00001;1675761600000 (2023-02-07T09:20:00.000Z);urn:ngsiv2:I40Asset:Workstation00001
urn:ngsiv2:I40Asset:ON000001;I40AssetOrder;1675848689425 (2023-02-08T09:31:29.425Z);/demo;NULL;ON000001;Order;1675987200000 (2023-02-10T00:00:00.000Z);;10000;10000;10000;Execute;100;7;7;urn:ngsiv2:I40Asset:Product00001;1675761600000 (2023-02-07T09:20:00.000Z);urn:ngsiv2:I40Asset:Workstation00001
urn:ngsiv2:I40Asset:ON000001;I40AssetOrder;1675848698570 (2023-02-08T09:31:38.570Z);/demo;NULL;ON000001;Order;1675987200000 (2023-02-10T00:00:00.000Z);;10000;10000;10000;Execute;100;8;8;urn:ngsiv2:I40Asset:Product00001;1675761600000 (2023-02-07T09:20:00.000Z);urn:ngsiv2:I40Asset:Workstation00001
urn:ngsiv2:I40Asset:ON000001;I40AssetOrder;1675848708674 (2023-02-08T09:31:48.674Z);/demo;NULL;ON000001;Order;1675987200000 (2023-02-10T00:00:00.000Z);;10000;10000;10000;Execute;100;9;9;urn:ngsiv2:I40Asset:Product00001;1675761600000 (2023-02-07T09:20:00.000Z);urn:ngsiv2:I40Asset:Workstation00001
urn:ngsiv2:I40Asset:ON000001;I40AssetOrder;1675848717795 (2023-02-08T09:31:57.795Z);/demo;NULL;ON000001;Order;1675987200000 (2023-02-10T00:00:00.000Z);;10000;10000;10000;Execute;100;10;10;urn:ngsiv2:I40Asset:Product00001;1675761600000 (2023-02-07T09:20:00.000Z);urn:ngsiv2:I40Asset:Workstation00001
urn:ngsiv2:I40Asset:ON000001;I40AssetOrder;1675848724948 (2023-02-08T09:32:04.948Z);/demo;NULL;ON000001;Order;1675987200000 (2023-02-10T00:00:00.000Z);;10000;10000;10000;Execute;100;11;11;urn:ngsiv2:I40Asset:Product00001;1675761600000 (2023-02-07T09:20:00.000Z);urn:ngsiv2:I40Asset:Workstation00001
urn:ngsiv2:I40Asset:ON000001;I40AssetOrder;1675848733050 (2023-02-08T09:32:13.050Z);/demo;NULL;ON000001;Order;1675987200000 (2023-02-10T00:00:00.000Z);;10000;10000;10000;Execute;100;12;12;urn:ngsiv2:I40Asset:Product00001;1675761600000 (2023-02-07T09:20:00.000Z);urn:ngsiv2:I40Asset:Workstation00001
urn:ngsiv2:I40Asset:ON000001;I40AssetOrder;1675848741140 (2023-02-08T09:32:21.140Z);/demo;NULL;ON000001;Order;1675987200000 (2023-02-10T00:00:00.000Z);;10000;10000;10000;Execute;100;13;13;urn:ngsiv2:I40Asset:Product00001;1675761600000 (2023-02-07T09:20:00.000Z);urn:ngsiv2:I40Asset:Workstation00001
urn:ngsiv2:I40Asset:ON000001;I40AssetOrder;1675848750236 (2023-02-08T09:32:30.236Z);/demo;NULL;ON000001;Order;1675987200000 (2023-02-10T00:00:00.000Z);;10000;10000;10000;Execute;100;14;14;urn:ngsiv2:I40Asset:Product00001;1675761600000 (2023-02-07T09:20:00.000Z);urn:ngsiv2:I40Asset:Workstation00001
urn:ngsiv2:I40Asset:ON000001;I40AssetOrder;1675848758325 (2023-02-08T09:32:38.325Z);/demo;NULL;ON000001;Order;1675987200000 (2023-02-10T00:00:00.000Z);;10000;10000;10000;Execute;100;15;15;urn:ngsiv2:I40Asset:Product00001;1675761600000 (2023-02-07T09:20:00.000Z);urn:ngsiv2:I40Asset:Workstation00001
urn:ngsiv2:I40Asset:ON000001;I40AssetOrder;1675848766428 (2023-02-08T09:32:46.428Z);/demo;NULL;ON000001;Order;1675987200000 (2023-02-10T00:00:00.000Z);;10000;10000;10000;Execute;100;16;16;urn:ngsiv2:I40Asset:Product00001;1675761600000 (2023-02-07T09:20:00.000Z);urn:ngsiv2:I40Asset:Workstation00001
urn:ngsiv2:I40Asset:ON000001;I40AssetOrder;1675848772527 (2023-02-08T09:32:52.527Z);/demo;NULL;ON000001;Order;1675987200000 (2023-02-10T00:00:00.000Z);;10000;10000;10000;Execute;100;17;17;urn:ngsiv2:I40Asset:Product00001;1675761600000 (2023-02-07T09:20:00.000Z);urn:ngsiv2:I40Asset:Workstation00001
urn:ngsiv2:I40Asset:ON000001;I40AssetOrder;1675848782629 (2023-02-08T09:33:02.629Z);/demo;NULL;ON000001;Order;1675987200000 (2023-02-10T00:00:00.000Z);;10000;10000;10000;Execute;100;18;18;urn:ngsiv2:I40Asset:Product00001;1675761600000 (2023-02-07T09:20:00.000Z);urn:ngsiv2:I40Asset:Workstation00001
urn:ngsiv2:I40Asset:ON000001;I40AssetOrder;1675848791748 (2023-02-08T09:33:11.748Z);/demo;NULL;ON000001;Order;1675987200000 (2023-02-10T00:00:00.000Z);;10000;10000;10000;Execute;100;19;19;urn:ngsiv2:I40Asset:Product00001;1675761600000 (2023-02-07T09:20:00.000Z);urn:ngsiv2:I40Asset:Workstation00001
urn:ngsiv2:I40Asset:ON000001;I40AssetOrder;1675848801874 (2023-02-08T09:33:21.874Z);/demo;NULL;ON000001;Order;1675987200000 (2023-02-10T00:00:00.000Z);;10000;10000;10000;Execute;100;20;20;urn:ngsiv2:I40Asset:Product00001;1675761600000 (2023-02-07T09:20:00.000Z);urn:ngsiv2:I40Asset:Workstation00001
urn:ngsiv2:I40Asset:ON000001;I40AssetOrder;1675848808968 (2023-02-08T09:33:28.968Z);/demo;NULL;ON000001;Order;1675987200000 (2023-02-10T00:00:00.000Z);;10000;10000;10000;Execute;100;21;21;urn:ngsiv2:I40Asset:Product00001;1675761600000 (2023-02-07T09:20:00.000Z);urn:ngsiv2:I40Asset:Workstation00001
urn:ngsiv2:I40Asset:ON000001;I40AssetOrder;1675848817060 (2023-02-08T09:33:37.060Z);/demo;NULL;ON000001;Order;1675987200000 (2023-02-10T00:00:00.000Z);;10000;10000;10000;Execute;100;22;22;urn:ngsiv2:I40Asset:Product00001;1675761600000 (2023-02-07T09:20:00.000Z);urn:ngsiv2:I40Asset:Workstation00001
urn:ngsiv2:I40Asset:ON000001;I40AssetOrder;1675848822145 (2023-02-08T09:33:42.145Z);/demo;NULL;ON000001;Order;1675987200000 (2023-02-10T00:00:00.000Z);;10000;10000;10000;Execute;100;23;23;urn:ngsiv2:I40Asset:Product00001;1675761600000 (2023-02-07T09:20:00.000Z);urn:ngsiv2:I40Asset:Workstation00001
urn:ngsiv2:I40Asset:ON000001;I40AssetOrder;1675848833248 (2023-02-08T09:33:53.248Z);/demo;NULL;ON000001;Order;1675987200000 (2023-02-10T00:00:00.000Z);;10000;10000;10000;Execute;100;24;24;urn:ngsiv2:I40Asset:Product00001;1675761600000 (2023-02-07T09:20:00.000Z);urn:ngsiv2:I40Asset:Workstation00001
urn:ngsiv2:I40Asset:ON000001;I40AssetOrder;1675848843329 (2023-02-08T09:34:03.329Z);/demo;NULL;ON000001;Order;1675987200000 (2023-02-10T00:00:00.000Z);;10000;10000;10000;Execute;100;25;24;urn:ngsiv2:I40Asset:Product00001;1675761600000 (2023-02-07T09:20:00.000Z);urn:ngsiv2:I40Asset:Workstation00001
urn:ngsiv2:I40Asset:ON000001;I40AssetOrder;1675848854418 (2023-02-08T09:34:14.418Z);/demo;NULL;ON000001;Order;1675987200000 (2023-02-10T00:00:00.000Z);;10000;10000;10000;Execute;100;26;25;urn:ngsiv2:I40Asset:Product00001;1675761600000 (2023-02-07T09:20:00.000Z);urn:ngsiv2:I40Asset:Workstation00001
urn:ngsiv2:I40Asset:ON000001;I40AssetOrder;1675848861519 (2023-02-08T09:34:21.519Z);/demo;NULL;ON000001;Order;1675987200000 (2023-02-10T00:00:00.000Z);;10000;10000;10000;Execute;100;27;26;urn:ngsiv2:I40Asset:Product00001;1675761600000 (2023-02-07T09:20:00.000Z);urn:ngsiv2:I40Asset:Workstation00001
urn:ngsiv2:I40Asset:ON000001;I40AssetOrder;1675848869607 (2023-02-08T09:34:29.607Z);/demo;NULL;ON000001;Order;1675987200000 (2023-02-10T00:00:00.000Z);;10000;10000;10000;Execute;100;28;27;urn:ngsiv2:I40Asset:Product00001;1675761600000 (2023-02-07T09:20:00.000Z);urn:ngsiv2:I40Asset:Workstation00001
urn:ngsiv2:I40Asset:ON000001;I40AssetOrder;1675848876700 (2023-02-08T09:34:36.700Z);/demo;NULL;ON000001;Order;1675987200000 (2023-02-10T00:00:00.000Z);;10000;10000;10000;Execute;100;29;28;urn:ngsiv2:I40Asset:Product00001;1675761600000 (2023-02-07T09:20:00.000Z);urn:ngsiv2:I40Asset:Workstation00001
urn:ngsiv2:I40Asset:ON000001;I40AssetOrder;1675848885836 (2023-02-08T09:34:45.836Z);/demo;NULL;ON000001;Order;1675987200000 (2023-02-10T00:00:00.000Z);;10000;10000;10000;Execute;100;30;29;urn:ngsiv2:I40Asset:Product00001;1675761600000 (2023-02-07T09:20:00.000Z);urn:ngsiv2:I40Asset:Workstation00001
urn:ngsiv2:I40Asset:ON000001;I40AssetOrder;1675848893939 (2023-02-08T09:34:53.939Z);/demo;NULL;ON000001;Order;1675987200000 (2023-02-10T00:00:00.000Z);;10000;10000;10000;Execute;100;31;30;urn:ngsiv2:I40Asset:Product00001;1675761600000 (2023-02-07T09:20:00.000Z);urn:ngsiv2:I40Asset:Workstation00001
urn:ngsiv2:I40Asset:ON000001;I40AssetOrder;1675848905057 (2023-02-08T09:35:05.057Z);/demo;NULL;ON000001;Order;1675987200000 (2023-02-10T00:00:00.000Z);;10000;10000;10000;Execute;100;32;31;urn:ngsiv2:I40Asset:Product00001;1675761600000 (2023-02-07T09:20:00.000Z);urn:ngsiv2:I40Asset:Workstation00001
urn:ngsiv2:I40Asset:ON000001;I40AssetOrder;1675848915142 (2023-02-08T09:35:15.142Z);/demo;NULL;ON000001;Order;1675987200000 (2023-02-10T00:00:00.000Z);;10000;10000;10000;Execute;100;33;32;urn:ngsiv2:I40Asset:Product00001;1675761600000 (2023-02-07T09:20:00.000Z);urn:ngsiv2:I40Asset:Workstation00001
urn:ngsiv2:I40Asset:ON000001;I40AssetOrder;1675848924230 (2023-02-08T09:35:24.230Z);/demo;NULL;ON000001;Order;1675987200000 (2023-02-10T00:00:00.000Z);;10000;10000;10000;Execute;100;34;33;urn:ngsiv2:I40Asset:Product00001;1675761600000 (2023-02-07T09:20:00.000Z);urn:ngsiv2:I40Asset:Workstation00001
urn:ngsiv2:I40Asset:ON000001;I40AssetOrder;1675848935351 (2023-02-08T09:35:35.351Z);/demo;NULL;ON000001;Order;1675987200000 (2023-02-10T00:00:00.000Z);;10000;10000;10000;Execute;100;35;34;urn:ngsiv2:I40Asset:Product00001;1675761600000 (2023-02-07T09:20:00.000Z);urn:ngsiv2:I40Asset:Workstation00001
urn:ngsiv2:I40Asset:ON000001;I40AssetOrder;1675848946442 (2023-02-08T09:35:46.442Z);/demo;NULL;ON000001;Order;1675987200000 (2023-02-10T00:00:00.000Z);;10000;10000;10000;Execute;100;36;35;urn:ngsiv2:I40Asset:Product00001;1675761600000 (2023-02-07T09:20:00.000Z);urn:ngsiv2:I40Asset:Workstation00001
urn:ngsiv2:I40Asset:ON000001;I40AssetOrder;1675848953542 (2023-02-08T09:35:53.542Z);/demo;NULL;ON000001;Order;1675987200000 (2023-02-10T00:00:00.000Z);;10000;10000;10000;Execute;100;37;36;urn:ngsiv2:I40Asset:Product00001;1675761600000 (2023-02-07T09:20:00.000Z);urn:ngsiv2:I40Asset:Workstation00001
urn:ngsiv2:I40Asset:ON000001;I40AssetOrder;1675848962664 (2023-02-08T09:36:02.664Z);/demo;NULL;ON000001;Order;1675987200000 (2023-02-10T00:00:00.000Z);;10000;10000;10000;Execute;100;38;37;urn:ngsiv2:I40Asset:Product00001;1675761600000 (2023-02-07T09:20:00.000Z);urn:ngsiv2:I40Asset:Workstation00001
urn:ngsiv2:I40Asset:ON000001;I40AssetOrder;1675848972087 (2023-02-08T09:36:12.087Z);/demo;NULL;ON000001;Order;1675987200000 (2023-02-10T00:00:00.000Z);;10000;10000;10000;Execute;100;39;38;urn:ngsiv2:I40Asset:Product00001;1675761600000 (2023-02-07T09:20:00.000Z);urn:ngsiv2:I40Asset:Workstation00001
urn:ngsiv2:I40Asset:ON000001;I40AssetOrder;1675848978187 (2023-02-08T09:36:18.187Z);/demo;NULL;ON000001;Order;1675987200000 (2023-02-10T00:00:00.000Z);;10000;10000;10000;Execute;100;40;39;urn:ngsiv2:I40Asset:Product00001;1675761600000 (2023-02-07T09:20:00.000Z);urn:ngsiv2:I40Asset:Workstation00001
urn:ngsiv2:I40Asset:ON000001;I40AssetOrder;1675848984282 (2023-02-08T09:36:24.282Z);/demo;NULL;ON000001;Order;1675987200000 (2023-02-10T00:00:00.000Z);;10000;10000;10000;Execute;100;41;40;urn:ngsiv2:I40Asset:Product00001;1675761600000 (2023-02-07T09:20:00.000Z);urn:ngsiv2:I40Asset:Workstation00001
urn:ngsiv2:I40Asset:ON000001;I40AssetOrder;1675848990389 (2023-02-08T09:36:30.389Z);/demo;NULL;ON000001;Order;1675987200000 (2023-02-10T00:00:00.000Z);;10000;10000;10000;Execute;100;42;41;urn:ngsiv2:I40Asset:Product00001;1675761600000 (2023-02-07T09:20:00.000Z);urn:ngsiv2:I40Asset:Workstation00001
urn:ngsiv2:I40Asset:ON000001;I40AssetOrder;1675849000531 (2023-02-08T09:36:40.531Z);/demo;NULL;ON000001;Order;1675987200000 (2023-02-10T00:00:00.000Z);;10000;10000;10000;Execute;100;43;42;urn:ngsiv2:I40Asset:Product00001;1675761600000 (2023-02-07T09:20:00.000Z);urn:ngsiv2:I40Asset:Workstation00001
urn:ngsiv2:I40Asset:ON000001;I40AssetOrder;1675849006617 (2023-02-08T09:36:46.617Z);/demo;NULL;ON000001;Order;1675987200000 (2023-02-10T00:00:00.000Z);;10000;10000;10000;Execute;100;44;43;urn:ngsiv2:I40Asset:Product00001;1675761600000 (2023-02-07T09:20:00.000Z);urn:ngsiv2:I40Asset:Workstation00001
urn:ngsiv2:I40Asset:ON000001;I40AssetOrder;1675849013715 (2023-02-08T09:36:53.715Z);/demo;NULL;ON000001;Order;1675987200000 (2023-02-10T00:00:00.000Z);;10000;10000;10000;Execute;100;45;44;urn:ngsiv2:I40Asset:Product00001;1675761600000 (2023-02-07T09:20:00.000Z);urn:ngsiv2:I40Asset:Workstation00001
urn:ngsiv2:I40Asset:ON000001;I40AssetOrder;1675849021852 (2023-02-08T09:37:01.852Z);/demo;NULL;ON000001;Order;1675987200000 (2023-02-10T00:00:00.000Z);;10000;10000;10000;Execute;100;46;45;urn:ngsiv2:I40Asset:Product00001;1675761600000 (2023-02-07T09:20:00.000Z);urn:ngsiv2:I40Asset:Workstation00001
urn:ngsiv2:I40Asset:ON000001;I40AssetOrder;1675849026949 (2023-02-08T09:37:06.949Z);/demo;NULL;ON000001;Order;1675987200000 (2023-02-10T00:00:00.000Z);;10000;10000;10000;Execute;100;47;46;urn:ngsiv2:I40Asset:Product00001;1675761600000 (2023-02-07T09:20:00.000Z);urn:ngsiv2:I40Asset:Workstation00001
urn:ngsiv2:I40Asset:ON000001;I40AssetOrder;1675849036039 (2023-02-08T09:37:16.039Z);/demo;NULL;ON000001;Order;1675987200000 (2023-02-10T00:00:00.000Z);;10000;10000;10000;Execute;100;48;47;urn:ngsiv2:I40Asset:Product00001;1675761600000 (2023-02-07T09:20:00.000Z);urn:ngsiv2:I40Asset:Workstation00001
urn:ngsiv2:I40Asset:ON000001;I40AssetOrder;1675849044148 (2023-02-08T09:37:24.148Z);/demo;NULL;ON000001;Order;1675987200000 (2023-02-10T00:00:00.000Z);;10000;10000;10000;Execute;100;49;48;urn:ngsiv2:I40Asset:Product00001;1675761600000 (2023-02-07T09:20:00.000Z);urn:ngsiv2:I40Asset:Workstation00001
urn:ngsiv2:I40Asset:ON000001;I40AssetOrder;1675849052241 (2023-02-08T09:37:32.241Z);/demo;NULL;ON000001;Order;1675987200000 (2023-02-10T00:00:00.000Z);;10000;10000;10000;Execute;100;50;48;urn:ngsiv2:I40Asset:Product00001;1675761600000 (2023-02-07T09:20:00.000Z);urn:ngsiv2:I40Asset:Workstation00001
urn:ngsiv2:I40Asset:ON000001;I40AssetOrder;1675849062339 (2023-02-08T09:37:42.339Z);/demo;NULL;ON000001;Order;1675987200000 (2023-02-10T00:00:00.000Z);;10000;10000;10000;Execute;100;51;49;urn:ngsiv2:I40Asset:Product00001;1675761600000 (2023-02-07T09:20:00.000Z);urn:ngsiv2:I40Asset:Workstation00001
urn:ngsiv2:I40Asset:ON000001;I40AssetOrder;1675849070439 (2023-02-08T09:37:50.439Z);/demo;NULL;ON000001;Order;1675987200000 (2023-02-10T00:00:00.000Z);;10000;10000;10000;Execute;100;52;50;urn:ngsiv2:I40Asset:Product00001;1675761600000 (2023-02-07T09:20:00.000Z);urn:ngsiv2:I40Asset:Workstation00001
urn:ngsiv2:I40Asset:ON000001;I40AssetOrder;1675849077563 (2023-02-08T09:37:57.563Z);/demo;NULL;ON000001;Order;1675987200000 (2023-02-10T00:00:00.000Z);;10000;10000;10000;Execute;100;53;51;urn:ngsiv2:I40Asset:Product00001;1675761600000 (2023-02-07T09:20:00.000Z);urn:ngsiv2:I40Asset:Workstation00001
urn:ngsiv2:I40Asset:ON000001;I40AssetOrder;1675849084664 (2023-02-08T09:38:04.664Z);/demo;NULL;ON000001;Order;1675987200000 (2023-02-10T00:00:00.000Z);;10000;10000;10000;Execute;100;54;52;urn:ngsiv2:I40Asset:Product00001;1675761600000 (2023-02-07T09:20:00.000Z);urn:ngsiv2:I40Asset:Workstation00001
urn:ngsiv2:I40Asset:ON000001;I40AssetOrder;1675849093751 (2023-02-08T09:38:13.751Z);/demo;NULL;ON000001;Order;1675987200000 (2023-02-10T00:00:00.000Z);;10000;10000;10000;Execute;100;55;53;urn:ngsiv2:I40Asset:Product00001;1675761600000 (2023-02-07T09:20:00.000Z);urn:ngsiv2:I40Asset:Workstation00001
urn:ngsiv2:I40Asset:ON000001;I40AssetOrder;1675849103848 (2023-02-08T09:38:23.848Z);/demo;NULL;ON000001;Order;1675987200000 (2023-02-10T00:00:00.000Z);;10000;10000;10000;Execute;100;56;54;urn:ngsiv2:I40Asset:Product00001;1675761600000 (2023-02-07T09:20:00.000Z);urn:ngsiv2:I40Asset:Workstation00001
urn:ngsiv2:I40Asset:ON000001;I40AssetOrder;1675849109939 (2023-02-08T09:38:29.939Z);/demo;NULL;ON000001;Order;1675987200000 (2023-02-10T00:00:00.000Z);;10000;10000;10000;Execute;100;57;55;urn:ngsiv2:I40Asset:Product00001;1675761600000 (2023-02-07T09:20:00.000Z);urn:ngsiv2:I40Asset:Workstation00001
urn:ngsiv2:I40Asset:ON000001;I40AssetOrder;1675849121053 (2023-02-08T09:38:41.053Z);/demo;NULL;ON000001;Order;1675987200000 (2023-02-10T00:00:00.000Z);;10000;10000;10000;Execute;100;58;56;urn:ngsiv2:I40Asset:Product00001;1675761600000 (2023-02-07T09:20:00.000Z);urn:ngsiv2:I40Asset:Workstation00001
urn:ngsiv2:I40Asset:ON000001;I40AssetOrder;1675849128153 (2023-02-08T09:38:48.153Z);/demo;NULL;ON000001;Order;1675987200000 (2023-02-10T00:00:00.000Z);;10000;10000;10000;Execute;100;59;57;urn:ngsiv2:I40Asset:Product00001;1675761600000 (2023-02-07T09:20:00.000Z);urn:ngsiv2:I40Asset:Workstation00001
urn:ngsiv2:I40Asset:ON000001;I40AssetOrder;1675849138243 (2023-02-08T09:38:58.243Z);/demo;NULL;ON000001;Order;1675987200000 (2023-02-10T00:00:00.000Z);;10000;10000;10000;Execute;100;60;58;urn:ngsiv2:I40Asset:Product00001;1675761600000 (2023-02-07T09:20:00.000Z);urn:ngsiv2:I40Asset:Workstation00001
urn:ngsiv2:I40Asset:ON000001;I40AssetOrder;1675849146344 (2023-02-08T09:39:06.344Z);/demo;NULL;ON000001;Order;1675987200000 (2023-02-10T00:00:00.000Z);;10000;10000;10000;Execute;100;61;59;urn:ngsiv2:I40Asset:Product00001;1675761600000 (2023-02-07T09:20:00.000Z);urn:ngsiv2:I40Asset:Workstation00001
urn:ngsiv2:I40Asset:ON000001;I40AssetOrder;1675849155458 (2023-02-08T09:39:15.458Z);/demo;NULL;ON000001;Order;1675987200000 (2023-02-10T00:00:00.000Z);;10000;10000;10000;Execute;100;62;60;urn:ngsiv2:I40Asset:Product00001;1675761600000 (2023-02-07T09:20:00.000Z);urn:ngsiv2:I40Asset:Workstation00001
urn:ngsiv2:I40Asset:ON000001;I40AssetOrder;1675849162556 (2023-02-08T09:39:22.556Z);/demo;NULL;ON000001;Order;1675987200000 (2023-02-10T00:00:00.000Z);;10000;10000;10000;Execute;100;63;61;urn:ngsiv2:I40Asset:Product00001;1675761600000 (2023-02-07T09:20:00.000Z);urn:ngsiv2:I40Asset:Workstation00001
urn:ngsiv2:I40Asset:ON000001;I40AssetOrder;1675849170644 (2023-02-08T09:39:30.644Z);/demo;NULL;ON000001;Order;1675987200000 (2023-02-10T00:00:00.000Z);;10000;10000;10000;Execute;100;64;62;urn:ngsiv2:I40Asset:Product00001;1675761600000 (2023-02-07T09:20:00.000Z);urn:ngsiv2:I40Asset:Workstation00001
urn:ngsiv2:I40Asset:ON000001;I40AssetOrder;1675849178770 (2023-02-08T09:39:38.770Z);/demo;NULL;ON000001;Order;1675987200000 (2023-02-10T00:00:00.000Z);;10000;10000;10000;Execute;100;65;63;urn:ngsiv2:I40Asset:Product00001;1675761600000 (2023-02-07T09:20:00.000Z);urn:ngsiv2:I40Asset:Workstation00001
urn:ngsiv2:I40Asset:ON000001;I40AssetOrder;1675849186910 (2023-02-08T09:39:46.910Z);/demo;NULL;ON000001;Order;1675987200000 (2023-02-10T00:00:00.000Z);;10000;10000;10000;Execute;100;66;64;urn:ngsiv2:I40Asset:Product00001;1675761600000 (2023-02-07T09:20:00.000Z);urn:ngsiv2:I40Asset:Workstation00001
urn:ngsiv2:I40Asset:ON000001;I40AssetOrder;1675849197033 (2023-02-08T09:39:57.033Z);/demo;NULL;ON000001;Order;1675987200000 (2023-02-10T00:00:00.000Z);;10000;10000;10000;Execute;100;67;65;urn:ngsiv2:I40Asset:Product00001;1675761600000 (2023-02-07T09:20:00.000Z);urn:ngsiv2:I40Asset:Workstation00001
urn:ngsiv2:I40Asset:ON000001;I40AssetOrder;1675849204195 (2023-02-08T09:40:04.195Z);/demo;NULL;ON000001;Order;1675987200000 (2023-02-10T00:00:00.000Z);;10000;10000;10000;Execute;100;68;66;urn:ngsiv2:I40Asset:Product00001;1675761600000 (2023-02-07T09:20:00.000Z);urn:ngsiv2:I40Asset:Workstation00001
urn:ngsiv2:I40Asset:ON000001;I40AssetOrder;1675849215290 (2023-02-08T09:40:15.290Z);/demo;NULL;ON000001;Order;1675987200000 (2023-02-10T00:00:00.000Z);;10000;10000;10000;Execute;100;69;67;urn:ngsiv2:I40Asset:Product00001;1675761600000 (2023-02-07T09:20:00.000Z);urn:ngsiv2:I40Asset:Workstation00001
urn:ngsiv2:I40Asset:ON000001;I40AssetOrder;1675849225401 (2023-02-08T09:40:25.401Z);/demo;NULL;ON000001;Order;1675987200000 (2023-02-10T00:00:00.000Z);;10000;10000;10000;Execute;100;70;68;urn:ngsiv2:I40Asset:Product00001;1675761600000 (2023-02-07T09:20:00.000Z);urn:ngsiv2:I40Asset:Workstation00001
urn:ngsiv2:I40Asset:ON000001;I40AssetOrder;1675849230507 (2023-02-08T09:40:30.507Z);/demo;NULL;ON000001;Order;1675987200000 (2023-02-10T00:00:00.000Z);;10000;10000;10000;Execute;100;71;69;urn:ngsiv2:I40Asset:Product00001;1675761600000 (2023-02-07T09:20:00.000Z);urn:ngsiv2:I40Asset:Workstation00001
urn:ngsiv2:I40Asset:ON000001;I40AssetOrder;1675849239609 (2023-02-08T09:40:39.609Z);/demo;NULL;ON000001;Order;1675987200000 (2023-02-10T00:00:00.000Z);;10000;10000;10000;Execute;100;72;70;urn:ngsiv2:I40Asset:Product00001;1675761600000 (2023-02-07T09:20:00.000Z);urn:ngsiv2:I40Asset:Workstation00001
urn:ngsiv2:I40Asset:ON000001;I40AssetOrder;1675849251694 (2023-02-08T09:40:51.694Z);/demo;NULL;ON000001;Order;1675987200000 (2023-02-10T00:00:00.000Z);;10000;10000;10000;Execute;100;73;71;urn:ngsiv2:I40Asset:Product00001;1675761600000 (2023-02-07T09:20:00.000Z);urn:ngsiv2:I40Asset:Workstation00001
urn:ngsiv2:I40Asset:ON000001;I40AssetOrder;1675849259779 (2023-02-08T09:40:59.779Z);/demo;NULL;ON000001;Order;1675987200000 (2023-02-10T00:00:00.000Z);;10000;10000;10000;Execute;100;74;72;urn:ngsiv2:I40Asset:Product00001;1675761600000 (2023-02-07T09:20:00.000Z);urn:ngsiv2:I40Asset:Workstation00001
urn:ngsiv2:I40Asset:ON000001;I40AssetOrder;1675849270877 (2023-02-08T09:41:10.877Z);/demo;NULL;ON000001;Order;1675987200000 (2023-02-10T00:00:00.000Z);;10000;10000;10000;Execute;100;75;72;urn:ngsiv2:I40Asset:Product00001;1675761600000 (2023-02-07T09:20:00.000Z);urn:ngsiv2:I40Asset:Workstation00001
urn:ngsiv2:I40Asset:ON000001;I40AssetOrder;1675849277987 (2023-02-08T09:41:17.987Z);/demo;NULL;ON000001;Order;1675987200000 (2023-02-10T00:00:00.000Z);;10000;10000;10000;Execute;100;76;73;urn:ngsiv2:I40Asset:Product00001;1675761600000 (2023-02-07T09:20:00.000Z);urn:ngsiv2:I40Asset:Workstation00001
urn:ngsiv2:I40Asset:ON000001;I40AssetOrder;1675849288096 (2023-02-08T09:41:28.096Z);/demo;NULL;ON000001;Order;1675987200000 (2023-02-10T00:00:00.000Z);;10000;10000;10000;Execute;100;77;74;urn:ngsiv2:I40Asset:Product00001;1675761600000 (2023-02-07T09:20:00.000Z);urn:ngsiv2:I40Asset:Workstation00001
urn:ngsiv2:I40Asset:ON000001;I40AssetOrder;1675849300188 (2023-02-08T09:41:40.188Z);/demo;NULL;ON000001;Order;1675987200000 (2023-02-10T00:00:00.000Z);;10000;10000;10000;Execute;100;78;75;urn:ngsiv2:I40Asset:Product00001;1675761600000 (2023-02-07T09:20:00.000Z);urn:ngsiv2:I40Asset:Workstation00001
urn:ngsiv2:I40Asset:ON000001;I40AssetOrder;1675849307288 (2023-02-08T09:41:47.288Z);/demo;NULL;ON000001;Order;1675987200000 (2023-02-10T00:00:00.000Z);;10000;10000;10000;Execute;100;79;76;urn:ngsiv2:I40Asset:Product00001;1675761600000 (2023-02-07T09:20:00.000Z);urn:ngsiv2:I40Asset:Workstation00001
urn:ngsiv2:I40Asset:ON000001;I40AssetOrder;1675849316375 (2023-02-08T09:41:56.375Z);/demo;NULL;ON000001;Order;1675987200000 (2023-02-10T00:00:00.000Z);;10000;10000;10000;Execute;100;80;77;urn:ngsiv2:I40Asset:Product00001;1675761600000 (2023-02-07T09:20:00.000Z);urn:ngsiv2:I40Asset:Workstation00001
urn:ngsiv2:I40Asset:ON000001;I40AssetOrder;1675849325474 (2023-02-08T09:42:05.474Z);/demo;NULL;ON000001;Order;1675987200000 (2023-02-10T00:00:00.000Z);;10000;10000;10000;Execute;100;81;78;urn:ngsiv2:I40Asset:Product00001;1675761600000 (2023-02-07T09:20:00.000Z);urn:ngsiv2:I40Asset:Workstation00001
urn:ngsiv2:I40Asset:ON000001;I40AssetOrder;1675849331598 (2023-02-08T09:42:11.598Z);/demo;NULL;ON000001;Order;1675987200000 (2023-02-10T00:00:00.000Z);;10000;10000;10000;Execute;100;82;79;urn:ngsiv2:I40Asset:Product00001;1675761600000 (2023-02-07T09:20:00.000Z);urn:ngsiv2:I40Asset:Workstation00001
urn:ngsiv2:I40Asset:ON000001;I40AssetOrder;1675849341711 (2023-02-08T09:42:21.711Z);/demo;NULL;ON000001;Order;1675987200000 (2023-02-10T00:00:00.000Z);;10000;10000;10000;Execute;100;83;80;urn:ngsiv2:I40Asset:Product00001;1675761600000 (2023-02-07T09:20:00.000Z);urn:ngsiv2:I40Asset:Workstation00001
urn:ngsiv2:I40Asset:ON000001;I40AssetOrder;1675849353803 (2023-02-08T09:42:33.803Z);/demo;NULL;ON000001;Order;1675987200000 (2023-02-10T00:00:00.000Z);;10000;10000;10000;Execute;100;84;81;urn:ngsiv2:I40Asset:Product00001;1675761600000 (2023-02-07T09:20:00.000Z);urn:ngsiv2:I40Asset:Workstation00001
urn:ngsiv2:I40Asset:ON000001;I40AssetOrder;1675849361973 (2023-02-08T09:42:41.973Z);/demo;NULL;ON000001;Order;1675987200000 (2023-02-10T00:00:00.000Z);;10000;10000;10000;Execute;100;85;82;urn:ngsiv2:I40Asset:Product00001;1675761600000 (2023-02-07T09:20:00.000Z);urn:ngsiv2:I40Asset:Workstation00001
urn:ngsiv2:I40Asset:ON000001;I40AssetOrder;1675849369331 (2023-02-08T09:42:49.331Z);/demo;NULL;ON000001;Order;1675987200000 (2023-02-10T00:00:00.000Z);;10000;10000;10000;Execute;100;86;83;urn:ngsiv2:I40Asset:Product00001;1675761600000 (2023-02-07T09:20:00.000Z);urn:ngsiv2:I40Asset:Workstation00001
urn:ngsiv2:I40Asset:ON000001;I40AssetOrder;1675849378423 (2023-02-08T09:42:58.423Z);/demo;NULL;ON000001;Order;1675987200000 (2023-02-10T00:00:00.000Z);;10000;10000;10000;Execute;100;87;84;urn:ngsiv2:I40Asset:Product00001;1675761600000 (2023-02-07T09:20:00.000Z);urn:ngsiv2:I40Asset:Workstation00001
urn:ngsiv2:I40Asset:ON000001;I40AssetOrder;1675849389524 (2023-02-08T09:43:09.524Z);/demo;NULL;ON000001;Order;1675987200000 (2023-02-10T00:00:00.000Z);;10000;10000;10000;Execute;100;88;85;urn:ngsiv2:I40Asset:Product00001;1675761600000 (2023-02-07T09:20:00.000Z);urn:ngsiv2:I40Asset:Workstation00001
urn:ngsiv2:I40Asset:ON000001;I40AssetOrder;1675849399623 (2023-02-08T09:43:19.623Z);/demo;NULL;ON000001;Order;1675987200000 (2023-02-10T00:00:00.000Z);;10000;10000;10000;Execute;100;89;86;urn:ngsiv2:I40Asset:Product00001;1675761600000 (2023-02-07T09:20:00.000Z);urn:ngsiv2:I40Asset:Workstation00001
urn:ngsiv2:I40Asset:ON000001;I40AssetOrder;1675849404727 (2023-02-08T09:43:24.727Z);/demo;NULL;ON000001;Order;1675987200000 (2023-02-10T00:00:00.000Z);;10000;10000;10000;Execute;100;90;87;urn:ngsiv2:I40Asset:Product00001;1675761600000 (2023-02-07T09:20:00.000Z);urn:ngsiv2:I40Asset:Workstation00001
urn:ngsiv2:I40Asset:ON000001;I40AssetOrder;1675849411884 (2023-02-08T09:43:31.884Z);/demo;NULL;ON000001;Order;1675987200000 (2023-02-10T00:00:00.000Z);;10000;10000;10000;Execute;100;91;88;urn:ngsiv2:I40Asset:Product00001;1675761600000 (2023-02-07T09:20:00.000Z);urn:ngsiv2:I40Asset:Workstation00001
urn:ngsiv2:I40Asset:ON000001;I40AssetOrder;1675849418999 (2023-02-08T09:43:38.999Z);/demo;NULL;ON000001;Order;1675987200000 (2023-02-10T00:00:00.000Z);;10000;10000;10000;Execute;100;92;89;urn:ngsiv2:I40Asset:Product00001;1675761600000 (2023-02-07T09:20:00.000Z);urn:ngsiv2:I40Asset:Workstation00001
urn:ngsiv2:I40Asset:ON000001;I40AssetOrder;1675849428116 (2023-02-08T09:43:48.116Z);/demo;NULL;ON000001;Order;1675987200000 (2023-02-10T00:00:00.000Z);;10000;10000;10000;Execute;100;93;90;urn:ngsiv2:I40Asset:Product00001;1675761600000 (2023-02-07T09:20:00.000Z);urn:ngsiv2:I40Asset:Workstation00001
urn:ngsiv2:I40Asset:ON000001;I40AssetOrder;1675849436264 (2023-02-08T09:43:56.264Z);/demo;NULL;ON000001;Order;1675987200000 (2023-02-10T00:00:00.000Z);;10000;10000;10000;Execute;100;94;91;urn:ngsiv2:I40Asset:Product00001;1675761600000 (2023-02-07T09:20:00.000Z);urn:ngsiv2:I40Asset:Workstation00001
urn:ngsiv2:I40Asset:ON000001;I40AssetOrder;1675849446366 (2023-02-08T09:44:06.366Z);/demo;NULL;ON000001;Order;1675987200000 (2023-02-10T00:00:00.000Z);;10000;10000;10000;Execute;100;95;92;urn:ngsiv2:I40Asset:Product00001;1675761600000 (2023-02-07T09:20:00.000Z);urn:ngsiv2:I40Asset:Workstation00001
urn:ngsiv2:I40Asset:ON000001;I40AssetOrder;1675849453480 (2023-02-08T09:44:13.480Z);/demo;NULL;ON000001;Order;1675987200000 (2023-02-10T00:00:00.000Z);;10000;10000;10000;Execute;100;96;93;urn:ngsiv2:I40Asset:Product00001;1675761600000 (2023-02-07T09:20:00.000Z);urn:ngsiv2:I40Asset:Workstation00001
urn:ngsiv2:I40Asset:ON000001;I40AssetOrder;1675849462593 (2023-02-08T09:44:22.593Z);/demo;NULL;ON000001;Order;1675987200000 (2023-02-10T00:00:00.000Z);;10000;10000;10000;Execute;100;97;94;urn:ngsiv2:I40Asset:Product00001;1675761600000 (2023-02-07T09:20:00.000Z);urn:ngsiv2:I40Asset:Workstation00001
urn:ngsiv2:I40Asset:ON000001;I40AssetOrder;1675849469711 (2023-02-08T09:44:29.711Z);/demo;NULL;ON000001;Order;1675987200000 (2023-02-10T00:00:00.000Z);;10000;10000;10000;Execute;100;98;95;urn:ngsiv2:I40Asset:Product00001;1675761600000 (2023-02-07T09:20:00.000Z);urn:ngsiv2:I40Asset:Workstation00001
urn:ngsiv2:I40Asset:ON000001;I40AssetOrder;1675849475914 (2023-02-08T09:44:35.914Z);/demo;NULL;ON000001;Order;1675987200000 (2023-02-10T00:00:00.000Z);;10000;10000;10000;Execute;100;99;96;urn:ngsiv2:I40Asset:Product00001;1675761600000 (2023-02-07T09:20:00.000Z);urn:ngsiv2:I40Asset:Workstation00001
urn:ngsiv2:I40Asset:ON000001;I40AssetOrder;1675849486013 (2023-02-08T09:44:46.013Z);/demo;NULL;ON000001;Order;1675987200000 (2023-02-10T00:00:00.000Z);;10000;10000;10000;Completed;100;100;96;urn:ngsiv2:I40Asset:Product00001;1675761600000 (2023-02-07T09:20:00.000Z);urn:ngsiv2:I40Asset:Workstation00001
